﻿<?xml version="1.0" encoding="utf-8" standalone="yes"?>
<ew-language date="2017/2/11" version="13.0.0" id="en" name="English" desc="English" author="e.World Technology Ltd.">
  <!-- 
	*** Important Notes:
	1. Language ID should follow: https://developers.google.com/recaptcha/docs/language,
	2. Locale settings are placed in a separate locale files under the "locales" folder,
	3. Locale files must be named with language ID of language file (and converted to lowercase), e.g. en.json,
	4. Locale files are ALWAYS used, regardless of whether the project is single language or multiple language.
-->
  <global>
    <phrase id="actiondeleted" value="Deleted" />
    <phrase id="actioninserted" value="Inserted" />
    <phrase id="actioninsertedgridadd" value="Inserted (Grid-Add)" />
    <phrase id="actionupdated" value="Updated" />
    <phrase id="actionupdatedgridedit" value="Updated (Grid-Edit)" />
    <phrase id="actionupdatedmultiupdate" value="Updated (Multi-Update)" />
    <phrase id="activateaccount" value="Your account is activated" />
    <phrase id="activatefailed" value="Activation failed" />
    <phrase id="add" value="Add" />
    <phrase id="addblankrow" value="Add Blank Row" class="glyphicon glyphicon-plus ewIcon" />
    <!-- v11 -->
    <phrase id="addbtn" value="Add" />
    <phrase id="addlink" value="Add" class="glyphicon glyphicon-plus ewIcon" />
    <!-- v11 -->
    <phrase id="addmasterdetaillink" value="Master/Detail Add" class="icon-md-add ewIcon" />
    <!-- v11 -->
    <phrase id="addsuccess" value="Add succeeded" />
    <phrase id="advancedsearch" value="Advanced Search" />
    <!-- v11 -->
    <phrase id="advancedsearchbtn" value="Advanced Search" class="icon-advanced-search ewIcon" />
    <!-- v11 -->
    <phrase id="allrecords" value="All" />
    <phrase id="allword" value="All words" />
    <phrase id="alwaysask" value="Always ask for my user name and password" />
    <phrase id="anyword" value="Any word" />
    <phrase id="audittrailautologin" value="autologin" />
    <phrase id="audittrailfailedattempt" value="failed attempt: %n" />
    <phrase id="audittrailuserloggedin" value="user already logged in" />
    <phrase id="audittrailpasswordexpired" value="password expired" />
    <phrase id="audittraillogin" value="login" />
    <phrase id="audittraillogout" value="logout" />
    <phrase id="autologin" value="Auto login until I logout explicitly" />
    <phrase id="average" value="Average" />
    <phrase id="backtolist" value="Back to List" />
    <phrase id="backtologin" value="Back to login page" />
    <phrase id="backtomasterrecordpage" value="Back to master table" />
    <phrase id="batchdeletebegin" value="*** Batch delete begin ***" />
    <phrase id="batchdeleterollback" value="*** Batch delete rollback ***" />
    <phrase id="batchdeletesuccess" value="*** Batch delete successful ***" />
    <phrase id="batchinsertbegin" value="*** Batch insert begin ***" />
    <phrase id="batchinsertrollback" value="*** Batch insert rollback ***" />
    <phrase id="batchinsertsuccess" value="*** Batch insert successful ***" />
    <phrase id="batchupdatebegin" value="*** Batch update begin ***" />
    <phrase id="batchupdaterollback" value="*** Batch update rollback ***" />
    <phrase id="batchupdatesuccess" value="*** Batch update successful ***" />
    <phrase id="buttonactions" value="Actions" class="icon-options ewIcon" />
    <!-- v11 -->
    <phrase id="buttonaddedit" value="Add/Edit" class="icon-addedit ewIcon" />
    <!-- v11 -->
    <phrase id="buttondetails" value="Master/Detail" class="icon-master-detail ewIcon" />
    <!-- v11 -->
    <phrase id="buttonexport" value="Export" class="icon-export ewIcon" />
    <!-- v11 -->
    <phrase id="buttonlistoptions" value="Options" class="icon-options ewIcon" />
    <!-- v11 -->
    <phrase id="buttonsearch" value="Search" class="icon-search ewIcon" />
    <!-- v11 -->
    <phrase id="cancelbtn" value="Cancel" client="1" />
    <!-- v2017 -->
    <phrase id="cancellink" value="Cancel" class="glyphicon glyphicon-remove ewIcon" />
    <!-- v11 -->
    <phrase id="changepwd" value="Change Password" />
    <phrase id="changepwdpage" value="Change Password" />
    <phrase id="changepwdbtn" value="Change" />
    <phrase id="choosefilebtn" value="Choose..." />
    <!-- v11 -->
    <phrase id="choosefile" value="Choose file" />
    <!-- v11 -->
    <phrase id="choosefiles" value="Choose files" />
    <!-- v11 -->
    <phrase id="clickrecaptcha" value="Please click reCAPTCHA" client="1" />
    <!-- v12 -->
    <phrase id="closebtn" value="Close" client="1" />
    <!-- v2017 -->
    <phrase id="confirm" value="Confirm" />
    <phrase id="confirmbtn" value="Confirm" client="1" />
    <!-- v2017 -->
    <phrase id="confirmcancel" value="Do you want to cancel?" client="1" />
    <!-- v12 -->
    <phrase id="confirmpassword" value="Confirm Password" />
    <phrase id="conflictcancellink" value="Cancel" />
    <phrase id="lightboxtitle" value=" " client="1" />
    <!-- v11 -->
    <phrase id="lightboxcurrent" value="image {current} of {total}" client="1" />
    <!-- Note: DO NOT translate "{current}" and "{total}" -->
    <!-- v11 -->
    <phrase id="lightboxprevious" value="previous" client="1" />
    <!-- v11 -->
    <phrase id="lightboxnext" value="next" client="1" />
    <!-- v11 -->
    <phrase id="lightboxclose" value="close" client="1" />
    <!-- v11 -->
    <phrase id="lightboxxhrerror" value="This content failed to load." client="1" />
    <!-- v11 -->
    <phrase id="lightboximgerror" value="This image failed to load." client="1" />
    <!-- v11 -->
    <phrase id="copy" value="Copy" />
    <phrase id="copylink" value="Copy" class="icon-copy ewIcon" />
    <!-- v11 -->
    <phrase id="count" value="Count" />
    <phrase id="countselected" value="%s selected" client="1" />
    <!-- v12 -->
    <phrase id="currentpassword" value="Current password: " client="1" />
    <!-- v12 -->
    <phrase id="customactioncompleted" value="'%s' completed" />
    <phrase id="customactioncancelled" value="'%s' cancelled" />
    <phrase id="customactionfailed" value="'%s' failed" />
    <!-- v12 -->
    <phrase id="customactionnotallowed" value="'%s' not allowed" />
    <!-- v12 -->
    <phrase id="customview" value="CUSTOM VIEW" />
    <phrase id="delete" value="Delete" />
    <phrase id="deletebtn" value="Delete" />
    <phrase id="deletecancelled" value="Delete cancelled" />
    <phrase id="deleteconfirmmsg" value="Are you sure you want to delete?" client="1" />
    <phrase id="deletefilter" value="Delete filter" />
    <!-- v12 -->
    <phrase id="deletefilterconfirm" value="Delete filter %s?" client="1" />
    <!-- v12 -->
    <phrase id="deletelink" value="Delete" class="glyphicon glyphicon-trash ewIcon" />
    <!-- v11 -->
    <phrase id="deleteselectedlink" value="Delete Selected Records" class="glyphicon glyphicon-trash ewIcon" />
    <!-- v11 -->
    <phrase id="deletesuccess" value="Delete succeeded" />
    <phrase id="detaillink" value="" />
    <phrase id="detailcount" value="&lt;span dir='ltr'&gt;(%c)&lt;/span&gt;" />
    <!-- v11 -->
    <phrase id="masterdetailcopylink" value="Master/Detail Copy" class="icon-md-copy ewIcon" />
    <!-- v11 -->
    <phrase id="masterdetaileditlink" value="Master/Detail Edit" class="icon-md-edit ewIcon" />
    <!-- v11 -->
    <phrase id="masterdetaillistlink" value="Detail List" class="icon-table ewIcon" />
    <!-- v11 -->
    <phrase id="masterdetailviewlink" value="Master/Detail View" class="icon-md-view ewIcon" />
    <!-- v11 -->
    <phrase id="dupindex" value="Duplicate value '%v' for unique index '%f'" />
    <phrase id="dupkey" value="Duplicate primary key: '%f'" />
    <phrase id="edit" value="Edit" />
    <phrase id="editlink" value="Edit" class="icon-edit ewIcon" />
    <!-- v11 -->
    <phrase id="enterfiltername" value="Enter filter name" client="1" />
    <!-- v12 -->
    <phrase id="enternewpassword" value="Please enter new password" client="1" />
    <phrase id="enteroldpassword" value="Please enter old password" client="1" />
    <phrase id="enterpassword" value="Please enter password" client="1" />
    <phrase id="enterpwd" value="Please enter password" client="1" />
    <phrase id="enterrequiredfield" value="Please enter required field - %s" />
    <!-- v11 -->
    <phrase id="entersearchcriteria" value="Please enter search criteria" />
    <phrase id="enterusername" value="Please enter username" client="1" />
    <phrase id="entervalidatecode" value="Enter the validation code shown" client="1" />
    <!-- v11 -->
    <phrase id="entersenderemail" value="Please enter sender email" client="1" />
    <phrase id="enterpropersenderemail" value="Exceed maximum sender email count or email address incorrect" client="1" />
    <phrase id="enterrecipientemail" value="Please enter recipient email" client="1" />
    <phrase id="enterproperrecipientemail" value="Exceed maximum recipient email count or email address incorrect" client="1" />
    <phrase id="enterproperccemail" value="Exceed maximum cc email count or email address incorrect" client="1" />
    <phrase id="enterproperbccemail" value="Exceed maximum bcc email count or email address incorrect" client="1" />
    <phrase id="entersubject" value="Please enter subject" client="1" />
    <phrase id="emailformsender" value="From" />
    <phrase id="emailformrecipient" value="To" />
    <phrase id="emailformcc" value="Cc" />
    <phrase id="emailformbcc" value="Bcc" />
    <phrase id="emailformsubject" value="Subject" />
    <phrase id="emailformmessage" value="Message" />
    <phrase id="emailformcontenttype" value="Send as" />
    <phrase id="emailformcontenttypeurl" value="URL" />
    <phrase id="emailformcontenttypehtml" value="HTML" />
    <phrase id="enteruid" value="Please enter user ID" client="1" />
    <phrase id="entervalidemail" value="Please enter valid Email Address" client="1" />
    <phrase id="exactphrase" value="Exact phrase" />
    <phrase id="exceedmaxretry" value="Exceed maximum login retry count. Account is locked. Please try again in %t minutes" />
    <phrase id="exceedmaxemailexport" value="Exceed maximum export email count. Please try again later" />
    <phrase id="exporttocsv" value="Export to CSV" class="icon-csv ewIcon" />
    <!-- v11 -->
    <phrase id="exporttocsvtext" value="CSV" />
    <phrase id="exporttoemail" value="Email" class="icon-email ewIcon" />
    <!-- v11 -->
    <phrase id="exporttoemailtext" value="Email" client="1" />
    <phrase id="exporttoexcel" value="Export to Excel" class="icon-excel ewIcon" />
    <!-- v11 -->
    <phrase id="exporttoexceltext" value="Excel" />
    <phrase id="exporttohtml" value="Export to HTML" class="icon-html ewIcon" />
    <!-- v11 -->
    <phrase id="exporttohtmltext" value="HTML" />
    <phrase id="exporttopdf" value="Export to PDF" class="icon-pdf ewIcon" />
    <!-- v11 -->
    <phrase id="exporttopdftext" value="PDF" />
    <phrase id="exporttoword" value="Export to Word" class="icon-word ewIcon" />
    <!-- v11 -->
    <phrase id="exporttowordtext" value="Word" />
    <phrase id="exporttoxml" value="Export to XML" class="icon-xml ewIcon" />
    <!-- v11 -->
    <phrase id="exporttoxmltext" value="XML" />
    <phrase id="failedtosendmail" value="Failed to send mail. " />
    <phrase id="fieldname" value="Field Name" />
    <phrase id="fieldrequiredindicator" value="&lt;span class=&quot;ewRequired&quot;&gt;&amp;nbsp;*&lt;/span&gt;" />
    <phrase id="filenotfound" value="File not found" />
    <!-- *** characters need to be supported by EW_TMP_IMAGE_FONT *** -->
    <phrase id="filter" value="Filter" />
    <!-- v12 -->
    <phrase id="filtername" value="Filter name" client="1" />
    <!-- v12 -->
    <phrase id="filters" value="Filters" class="icon-filter ewIcon" />
    <!-- v12 -->
    <phrase id="overwritebtn" value="Overwrite" client="1" />
    <!-- v2017 -->
    <phrase id="overwritelink" value="Overwrite" />
    <phrase id="forgotpwd" value="Forgot Password" />
    <phrase id="goback" value="Go Back" />
    <phrase id="gridaddcancelled" value="Grid add cancelled" />
    <!-- v11 -->
    <phrase id="gridaddlink" value="Grid Add" class="icon-grid-add ewIcon" />
    <!-- v11 -->
    <phrase id="gridcancellink" value="Cancel" class="glyphicon glyphicon-remove ewIcon" />
    <!-- v11 -->
    <phrase id="grideditcancelled" value="Grid edit cancelled" />
    <!-- v11 -->
    <phrase id="grideditlink" value="Grid Edit" class="icon-grid-edit ewIcon" />
    <!-- v11 -->
    <phrase id="gridinsertlink" value="Insert" class="glyphicon glyphicon-ok ewIcon" />
    <!-- v11 -->
    <phrase id="gridsavelink" value="Save" class="glyphicon glyphicon-ok ewIcon" />
    <!-- v11 -->
    <phrase id="highlight" value="Highlight" />
    <!-- v11 -->
    <phrase id="highlightbtn" value="Highlight" class="icon-highlight ewIcon" />
    <!-- v11 -->
    <phrase id="homepage" value="Home" class="glyphicon glyphicon-home ewIcon" />
    <!-- v11 -->
    <phrase id="incorrectcreditcard" value="Incorrect credit card number" />
    <phrase id="incorrectdate" value="Incorrect date (%s)" />
    <phrase id="incorrectdateymd" value="Incorrect date (yyyy%smm%sdd)" />
    <phrase id="incorrectdatemdy" value="Incorrect date (mm%sdd%syyyy)" />
    <phrase id="incorrectdatedmy" value="Incorrect date (dd%smm%syyyy)" />
    <phrase id="incorrectshortdateymd" value="Incorrect date (yy%smm%sdd)" />
    <phrase id="incorrectshortdatemdy" value="Incorrect date (mm%sdd%syy)" />
    <phrase id="incorrectshortdatedmy" value="Incorrect date (dd%smm%syy)" />
    <phrase id="incorrectemail" value="Incorrect email" client="1" />
    <phrase id="incorrectfield" value="Incorrect field" client="1" />
    <phrase id="incorrectfloat" value="Incorrect floating point number" client="1" />
    <phrase id="incorrectguid" value="Incorrect GUID" client="1" />
    <phrase id="incorrectinteger" value="Incorrect integer" client="1" />
    <phrase id="incorrectphone" value="Incorrect phone number" client="1" />
    <phrase id="incorrectregexp" value="Regular expression not matched" client="1" />
    <phrase id="incorrectrange" value="Number must be between %1 and %2" client="1" />
    <phrase id="incorrectssn" value="Incorrect social security number" client="1" />
    <phrase id="incorrecttime" value="Incorrect time (hh%smm%sss)" />
    <phrase id="incorrectzip" value="Incorrect ZIP code" client="1" />
    <phrase id="inlineaddlink" value="Inline Add" class="icon-inline-add ewIcon" />
    <!-- v11 -->
    <phrase id="inlinecopylink" value="Inline Copy" class="icon-inline-copy ewIcon" />
    <!-- v11 -->
    <phrase id="inlineeditlink" value="Inline Edit" class="icon-inline-edit ewIcon" />
    <!-- v11 -->
    <phrase id="insertcancelled" value="Insert cancelled" />
    <phrase id="insertfailed" value="Insert failed" client="1" />
    <phrase id="insertlink" value="Insert" class="glyphicon glyphicon-ok ewIcon" />
    <!-- v11 -->
    <phrase id="insertsuccess" value="Insert succeeded" />
    <phrase id="invalidemail" value="Invalid Email" />
    <phrase id="invalidfield" value="Invalid Field" />
    <phrase id="invalidkeyvalue" value="Invalid key value" />
    <phrase id="invalidrecord" value="Invalid Record! Key is null" client="1" />
    <phrase id="invalidpostrequest" value="Invalid post request" />
    <!-- v11 -->
    <phrase id="invalidparameter" value="Invalid Parameter" />
    <phrase id="invalidpassword" value="Invalid Password" />
    <phrase id="invalidnewpassword" value="Invalid New Password" />
    <phrase id="invaliduidpwd" value="Incorrect user ID or password" />
    <phrase id="keep" value="Keep" />
    <phrase id="language" value="Language" />
    <phrase id="listactionbutton" value="Actions" class="icon-user ewIcon" />
    <!-- v12 -->
    <phrase id="loading" value="Loading..." client="1" />
    <phrase id="login" value="Login" />
    <phrase id="logincancelled" value="Login cancelled" />
    <phrase id="loginoptions" value="Options" />
    <!-- v11 -->
    <phrase id="loginpage" value="Login" />
    <phrase id="logout" value="Logout" />
    <phrase id="lookuplink" value="Lookup - %s" class="glyphicon glyphicon-search ewIcon" />
    <!-- v2017 -->
    <phrase id="masterrecord" value="Master Record: " />
    <phrase id="maxfilesize" value="Max. file size (%s bytes) exceeded." client="1" />
    <phrase id="messageok" value="OK" client="1" />
    <phrase id="midnight" value="midnight" />
    <!-- v2017 -->
    <phrase id="mismatchpassword" value="Mismatch Password" client="1" />
    <phrase id="missinglookuptablename" value="Missing lookup table name" />
    <phrase id="missingdisplayfieldname" value="Missing display field name" />
    <phrase id="missingdisplayfieldvalue" value="Missing display field value" />
    <phrase id="missinguserlevelid" value="Missing User Level ID" />
    <phrase id="missinguserlevelname" value="Missing User Level name" />
    <phrase id="mobilemenu" value="Menu" />
    <phrase id="multiplemasterdetails" value="Master/Detail" class="icon-master-detail ewIcon" />
    <!-- v11 -->
    <phrase id="new" value="New" />
    <phrase id="newpassword" value="New Password" />
    <phrase id="newvalue" value="New value" />
    <!-- v12 -->
    <phrase id="next" value="Next" client="1" />
    <!-- v12 -->
    <phrase id="noaddrecord" value="No records to be added" client="1" />
    <phrase id="nofieldselected" value="No field selected for update" client="1" />
    <phrase id="nopermission" value="You do not have permission to access %s." />
    <!-- v12.0.6 -->
    <phrase id="noaddpermission" value="You do not have permission to add the record." />
    <phrase id="nodeletepermission" value="You do not have permission to delete the record." />
    <phrase id="noeditpermission" value="You do not have permission to edit the record." />
    <phrase id="noon" value="noon" />
    <!-- v2017 -->
    <phrase id="norecord" value="No records found" client="1" />
    <!-- v2017 -->
    <phrase id="norecordforkey" value="No record found for key = " />
    <phrase id="norecordselected" value="No records selected" client="1" />
    <phrase id="notablegenerated" value="No tables generated" />
    <phrase id="nouserlevel" value="No user level settings." />
    <phrase id="of" value="of" client="1" />
    <!-- v2017 -->
    <phrase id="old" value="Old" />
    <phrase id="oldpassword" value="Old Password" />
    <phrase id="optionalreadyexist" value="Option already exists" />
    <phrase id="page" value="Page" client="1" />
    <!-- v2017 -->
    <phrase id="pagerfirst" value="First" />
    <phrase id="pagerlast" value="Last" />
    <phrase id="pagernext" value="Next" />
    <phrase id="pagerprevious" value="Previous" />
    <phrase id="password" value="Password" />
    <phrase id="passwordmask" value="********" />
    <!-- v12 -->
    <phrase id="passwordrequest" value="Password Request" />
    <phrase id="passwordchanged" value="Password Changed" />
    <phrase id="passwordexpired" value="Password Expired. Please change password." />
    <phrase id="passwordstrength" value="Strength: %p" client="1" />
    <!-- v12 -->
    <phrase id="passwordtoosimple" value="Your password is too simple" client="1" />
    <!-- v12 -->
    <phrase id="generatepassword" value="Generate password" class="glyphicon glyphicon-flash ewIcon" />
    <!-- v12 -->
    <phrase id="permission" value="Permissions" class="icon-user ewIcon" />
    <!-- v11 -->
    <phrase id="permissionaddcopy" value="Add/Copy" />
    <phrase id="permissiondelete" value="Delete" />
    <phrase id="permissionedit" value="Edit" />
    <phrase id="permissionlistsearchview" value="List/Search/View" />
    <phrase id="permissionlist" value="List" />
    <phrase id="permissionsearch" value="Search" />
    <phrase id="permissionview" value="View" />
    <phrase id="pickdate" value="Pick a date" />
    <phrase id="pleaseselect" value="Please select" client="1" />
    <!-- v12 -->
    <phrase id="pleasewait" value="Please wait..." client="1" />
    <phrase id="primarykeyunspecified" value="Primary key unspecified" />
    <phrase id="printerfriendly" value="Printer Friendly" class="icon-print ewIcon" />
    <!-- v11 -->
    <phrase id="printerfriendlytext" value="Printer Friendly" />
    <phrase id="prev" value="Prev" client="1" />
    <!-- v12 -->
    <phrase id="pwdemailsent" value="Password sent to your email" />
    <phrase id="resetpwdemailsent" value="The reset password email has been sent to you" />
    <phrase id="quicksearch" value="Quick Search" />
    <phrase id="quicksearchbtn" value="Search" />
    <phrase id="quicksearchauto" value="Auto" client="1" />
    <!-- v11 -->
    <phrase id="quicksearchautoshort" value="" client="1" />
    <!-- v11 -->
    <phrase id="quicksearchall" value="All keywords" client="1" />
    <!-- v11 -->
    <phrase id="quicksearchallshort" value="All" client="1" />
    <!-- v11 -->
    <phrase id="quicksearchany" value="Any keywords" client="1" />
    <!-- v11 -->
    <phrase id="quicksearchanyshort" value="Any" client="1" />
    <!-- v11 -->
    <phrase id="quicksearchexact" value="Exact match" client="1" />
    <!-- v11 -->
    <phrase id="quicksearchexactshort" value="Exact" client="1" />
    <!-- v11 -->
    <phrase id="record" value="Records" client="1" />
    <!-- v2017 -->
    <phrase id="recordchangedbyotheruser" value="Data has been changed by other user. Click [Reload] to retrieve the changed data (your data in the form will be overwritten) or click [Overwrite] to overwrite the changed data." />
    <phrase id="recorddeleted" value="record(s) deleted" />
    <phrase id="recordinserted" value="record(s) inserted" />
    <phrase id="recordupdated" value="record(s) updated" />
    <phrase id="recordsperpage" value="Page size" client="1" />
    <!-- v2017 -->
    <phrase id="register" value="Register" />
    <phrase id="registerbtn" value="Register" />
    <phrase id="registersuccess" value="Registration succeeded" />
    <phrase id="registersuccessactivate" value="Registration succeeded. An email has been sent to your email address, please click the link in the email to activate your account." />
    <phrase id="registerpage" value="Registration" />
    <phrase id="relatedrecordrequired" value="You cannot add or update a record because the foreign key value does not exist in the master table '%t'" />
    <phrase id="relatedrecordexists" value="You cannot delete a record because related records exist in the detail table '%t'" />
    <phrase id="reloadbtn" value="Reload" client="1" />
    <!-- v2017 -->
    <phrase id="reloadlink" value="Reload" />
    <phrase id="rememberme" value="Remember me" />
    <phrase id="remove" value="Remove" />
    <phrase id="replace" value="Replace" />
    <phrase id="report" value="Report" />
    <phrase id="requestpwdpage" value="Request Password" />
    <phrase id="reset" value="Reset" />
    <phrase id="resendregisteremailbtn" value="Resend registration email" />
    <!-- v12 -->
    <phrase id="resendregisteremailsuccess" value="Registration email for user '%u' has been re-sent" />
    <!-- v12 -->
    <phrase id="resendregisteremailfailure" value="Failed to re-send register email for user '%u' has failed" />
    <!-- v12 -->
    <phrase id="resetconcurrentuserbtn" value="Reset concurrent user session" />
    <!-- v12 -->
    <phrase id="resetconcurrentusersuccess" value="Session for user '%u' has been reset" />
    <!-- v12 -->
    <phrase id="resetconcurrentuserfailure" value="Failed to reset session for user '%u'" />
    <!-- v12 -->
    <phrase id="resetloginretrybtn" value="Reset login retry count" />
    <!-- v12 -->
    <phrase id="resetloginretrysuccess" value="Login retry count for user '%u' has been reset" />
    <!-- v12 -->
    <phrase id="resetloginretryfailure" value="Failed to reset login retry count for user '%u'" />
    <!-- v12 -->
    <phrase id="resetsearchbtn" value="Reset" class="icon-reset-search ewIcon" />
    <!-- v11 -->
    <phrase id="resetsearch" value="Reset" />
    <phrase id="rptavg" value="Average" />
    <phrase id="rptdtlrec" value="Detail Records" />
    <phrase id="rptgrandtotal" value="Grand Total" />
    <phrase id="rptmax" value="Maximum" />
    <phrase id="rptmin" value="Minimum" />
    <phrase id="rptsum" value="Sum" />
    <phrase id="rptsumhead" value="Summary for" />
    <phrase id="savebtn" value="Save" />
    <!-- v11 -->
    <phrase id="savecurrentfilter" value="Save current filter" />
    <!-- v12 -->
    <phrase id="saveusername" value="Save my user name" />
    <phrase id="search" value="Search" client="1" />
    <!-- v2017 -->
    <phrase id="searchbtn" value="Search" class="glyphicon glyphicon-search ewIcon" />
    <!-- v11 -->
    <phrase id="searchpanel" value="Search Panel" />
    <!-- v11 -->
    <phrase id="selectbtn" value="Select" client="1" />
    <!-- v2017 -->
    <phrase id="sendemailbtn" value="Send" />
    <phrase id="sendemailsuccess" value="Email sent successfully" client="1" />
    <phrase id="sendpwd" value="Send" />
    <phrase id="sequencenumber" value="%s." />
    <phrase id="servercommunicationerror" value="An error occured while communicating to the server." />
    <!-- v2017 -->
    <phrase id="sessionwillexpire" value="Your session will expire in %s seconds. Click OK to continue your session." client="1" />
    <!-- v12 -->
    <phrase id="sessionexpired" value="Your session has expired." client="1" />
    <!-- v12 -->
    <phrase id="setpasswordexpiredbtn" value="Set password expired" />
    <!-- v12 -->
    <phrase id="setpasswordexpiredsuccess" value="Password for user '%u' has been set as expired" />
    <!-- v12 -->
    <phrase id="setpasswordexpiredfailure" value="Failed to set password for user '%u' as expired" />
    <!-- v12 -->
    <phrase id="showallbtn" value="Show all" class="icon-reset-search ewIcon" />
    <!-- v11 -->
    <phrase id="showall" value="Show all" />
    <!-- v11 -->
    <phrase id="srchlegend" value="" />
    <phrase id="table" value="TABLE" />
    <phrase id="tbltypetable" value="Table: " />
    <phrase id="tbltypeview" value="View: " />
    <phrase id="tbltypecustomview" value="Custom View: " />
    <phrase id="tbltypereport" value="Report: " />
    <phrase id="to" value="to" />
    <phrase id="total" value="Total" />
    <phrase id="unauthorizeduserid" value="The current user (%c) is not authorized to assign the user ID (%u)." />
    <phrase id="unauthorizedparentuserid" value="The current user (%c) is not authorized to assign the parent user ID (%p)." />
    <phrase id="unauthorizedmasteruserid" value="The current user (%c) is not authorized to insert the record. Master filter: %f" />
    <phrase id="update" value="Update" />
    <phrase id="updatebtn" value="Update" client="1" />
    <!-- v2017 -->
    <phrase id="updatecancelled" value="Update cancelled" />
    <phrase id="updatefailed" value="Update failed" />
    <phrase id="updatelink" value="Update" class="glyphicon glyphicon-ok ewIcon" />
    <!-- v11 -->
    <phrase id="updateselectall" value="Select all" />
    <!-- v11 -->
    <phrase id="updateselectedlink" value="Update Selected Records" class="icon-edit ewIcon" />
    <!-- v11 -->
    <phrase id="updatesuccess" value="Update succeeded" />
    <phrase id="uploading" value="Uploading..." client="1" />
    <phrase id="uploadstart" value="Start" client="1" />
    <phrase id="uploadcancel" value="Cancel" client="1" />
    <phrase id="uploaddelete" value="Delete" client="1" />
    <phrase id="uploadoverwrite" value="Overwrite old file?" client="1" />
    <phrase id="uploaderrmsg1" value="The uploaded file exceeds the upload_max_filesize directive in php.ini" />
    <phrase id="uploaderrmsg2" value="The uploaded file exceeds the MAX_FILE_SIZE directive that was specified in the HTML form" />
    <phrase id="uploaderrmsg3" value="The uploaded file was only partially uploaded" />
    <phrase id="uploaderrmsg4" value="No file was uploaded" />
    <phrase id="uploaderrmsg6" value="Missing a temporary folder" />
    <phrase id="uploaderrmsg7" value="Failed to write file to disk" />
    <phrase id="uploaderrmsg8" value="A PHP extension stopped the file upload" />
    <phrase id="uploaderrmsgpostmaxsize" value="The uploaded file exceeds the post_max_size directive in php.ini" />
    <phrase id="uploaderrmsgmaxfilesize" value="File is too big" client="1" />
    <phrase id="uploaderrmsgminfilesize" value="File is too small" client="1" />
    <phrase id="uploaderrmsgacceptfiletypes" value="File type not allowed" client="1" />
    <phrase id="uploaderrmsgmaxnumberoffiles" value="Maximum number of files exceeded" client="1" />
    <phrase id="uploaderrmsgmaxwidth" value="Image exceeds maximum width" />
    <phrase id="uploaderrmsgminwidth" value="Image requires a minimum width" />
    <phrase id="uploaderrmsgmaxheight" value="Image exceeds maximum height" />
    <phrase id="uploaderrmsgminheight" value="Image requires a minimum height" />
    <phrase id="uploaderrmsgmaxfilelength" value="Total length of file names exceeds field length" client="1" />
    <phrase id="useradministrator" value="Administrator" client="1" />
    <!-- v12 -->
    <phrase id="useranonymous" value="Anonymous" client="1" />
    <!-- v12 -->
    <phrase id="userdefault" value="Default" client="1" />
    <!-- v12 -->
    <phrase id="useremail" value="Email" />
    <phrase id="userexists" value="User already exists" />
    <phrase id="userlevel" value="User Level: " />
    <phrase id="userleveladministratorname" value="User level name for user level -1 must be 'Administrator'" client="1" />
    <phrase id="userlevelanonymousname" value="User level name for user level -2 must be 'Anonymous'" client="1" />
    <!-- v12 -->
    <phrase id="userlevelpermission" value="User Level Permissions" />
    <phrase id="userlevelidinteger" value="User Level ID must be integer" client="1" />
    <phrase id="userleveldefaultname" value="User level name for user level 0 must be 'Default'" client="1" />
    <phrase id="userlevelidincorrect" value="User defined User Level ID must be larger than 0" client="1" />
    <phrase id="userlevelnameincorrect" value="User defined User Level name cannot be 'Administrator' or 'Default'" client="1" />
    <phrase id="userloggedin" value="User '%u' already logged in" />
    <phrase id="username" value="User Name" />
    <phrase id="userprofilecorrupted" value="User profile is corrupted. Please logout and login again" />
    <phrase id="valuenotexist" value="Value does not exist" client="1" />
    <!-- v11 -->
    <phrase id="view" value="View" />
    <phrase id="viewimagegallery" value="Click to view image" />
    <!-- v12 -->
    <phrase id="viewlink" value="View" class="icon-view ewIcon" />
    <!-- v11 -->
    <phrase id="viewpageaddlink" value="Add" class="glyphicon glyphicon-plus ewIcon" />
    <!-- v11 -->
    <phrase id="viewpagecopylink" value="Copy" class="icon-copy ewIcon" />
    <!-- v11 -->
    <phrase id="viewpagedeletelink" value="Delete" class="glyphicon glyphicon-trash ewIcon" />
    <!-- v11 -->
    <phrase id="viewpagedetaillink" value="" />
    <phrase id="viewpageeditlink" value="Edit" class="icon-edit ewIcon" />
    <!-- v11 -->
    <phrase id="wrongfiletype" value="File type is not allowed." client="1" />
    <phrase id="tableorview" value="Tables" />
    <phrase id="=" value="&amp;nbsp;" />
    <!-- v12 -->
    <phrase id="equal" value="=" />
    <!-- v12 -->
    <phrase id="&lt;&gt;" value="&amp;lt;&amp;gt;" />
    <phrase id="&lt;" value="&amp;lt;" />
    <phrase id="&lt;=" value="&amp;lt;=" />
    <phrase id="&gt;" value="&amp;gt;" />
    <phrase id="&gt;=" value="&amp;gt;=" />
    <phrase id="like" value="contains" />
    <phrase id="not like" value="does not contain" />
    <!-- v11.0.3 -->
    <phrase id="starts with" value="starts with" />
    <phrase id="ends with" value="ends with" />
    <phrase id="is null" value="is null" />
    <phrase id="is not null" value="is not null" />
    <phrase id="between" value="between" />
    <phrase id="and" value="and" />
    <phrase id="or" value="or" />
    <phrase id="am" value="AM" />
    <!-- v2017 -->
    <phrase id="pm" value="PM" />
    <!-- v2017 -->
  </global>
  <project>
    <phrase id="bodytitle" value="Aplikasi Property" />
    <phrase id="footertext" value="&amp;copy;2016 e.World Technology Ltd. All rights reserved." />
    <menu id="1">
      <phrase id="menutext" value="admin" />
    </menu>
    <menu id="2">
      <phrase id="menutext" value="daily report" />
    </menu>
    <menu id="3">
      <phrase id="menutext" value="data Costumer" />
    </menu>
    <menu id="5">
      <phrase id="menutext" value="data marketing" />
    </menu>
    <menu id="6">
      <phrase id="menutext" value="data pemilik listing" />
    </menu>
    <menu id="7">
      <phrase id="menutext" value="data pemilik properti" />
    </menu>
    <menu id="9">
      <phrase id="menutext" value="property" />
    </menu>
    <menu id="4">
      <phrase id="menutext" value="data darurat" />
    </menu>
    <menu id="20">
      <phrase id="menutext" value="Laporan" />
    </menu>
    <menu id="10">
      <phrase id="menutext" value="Costumer" />
    </menu>
    <menu id="23">
      <phrase id="menutext" value="Laporan Harian" />
    </menu>
    <menu id="24">
      <phrase id="menutext" value="Laporan Data Marketing" />
    </menu>
    <menu id="22">
      <phrase id="menutext" value="Laporan Property" />
    </menu>
    <menu id="21">
      <phrase id="menutext" value="Pemilik Property" />
    </menu>
    <menu id="8">
      <phrase id="menutext" value="menu" />
    </menu>
    <table id="admin">
      <phrase id="tblcaption" value="admin" />
      <field id="id">
        <phrase id="fldcaption" value="Id" />
      </field>
      <field id="username">
        <phrase id="fldcaption" value="Username" />
      </field>
      <field id="password">
        <phrase id="fldcaption" value="Password" />
      </field>
      <field id="image">
        <phrase id="fldcaption" value="Image" />
      </field>
    </table>
    <table id="daily_report">
      <phrase id="tblcaption" value="daily report" />
      <field id="id">
        <phrase id="fldcaption" value="Id" />
      </field>
      <field id="no">
        <phrase id="fldcaption" value="No" />
      </field>
      <field id="tanggal">
        <phrase id="fldcaption" value="Tanggal" />
      </field>
      <field id="aktifitas_hari_ini">
        <phrase id="fldcaption" value="Aktifitas Hari Ini" />
      </field>
      <field id="jam_mulai">
        <phrase id="fldcaption" value="Jam Mulai" />
      </field>
      <field id="jam_akhir">
        <phrase id="fldcaption" value="Jam Akhir" />
      </field>
      <field id="listing_hari_ini">
        <phrase id="fldcaption" value="Listing Hari Ini" />
      </field>
      <field id="jenis_property">
        <phrase id="fldcaption" value="Jenis Property" />
      </field>
      <field id="data_pemilik_property">
        <phrase id="fldcaption" value="Data Pemilik Property" />
      </field>
    </table>
    <table id="data_costumer">
      <phrase id="tblcaption" value="daily report" />
      <field id="no">
        <phrase id="fldcaption" value="No" />
      </field>
      <field id="nama">
        <phrase id="fldcaption" value="Nama" />
      </field>
      <field id="alamat">
        <phrase id="fldcaption" value="Alamat" />
      </field>
      <field id="telp">
        <phrase id="fldcaption" value="Telp" />
      </field>
      <field id="_email">
        <phrase id="fldcaption" value="Email" />
      </field>
      <field id="lokasi">
        <phrase id="fldcaption" value="Lokasi" />
      </field>
      <field id="harga">
        <phrase id="fldcaption" value="Harga" />
      </field>
      <field id="permintaan_khusus">
        <phrase id="fldcaption" value="Permintaan Khusus" />
      </field>
      <field id="tanggal">
        <phrase id="fldcaption" value="Tanggal" />
      </field>
    </table>
    <table id="data_darurat">
      <phrase id="tblcaption" value="data darurat" />
      <field id="no">
        <phrase id="fldcaption" value="No" />
      </field>
      <field id="nama">
        <phrase id="fldcaption" value="Nama" />
      </field>
      <field id="alamat">
        <phrase id="fldcaption" value="Alamat" />
      </field>
      <field id="telp">
        <phrase id="fldcaption" value="Telp" />
      </field>
      <field id="hubungan">
        <phrase id="fldcaption" value="Hubungan" />
      </field>
    </table>
    <table id="data_marketing">
      <phrase id="tblcaption" value="data marketing" />
      <field id="no">
        <phrase id="fldcaption" value="No" />
      </field>
      <field id="nama">
        <phrase id="fldcaption" value="Nama" />
      </field>
      <field id="alamat">
        <phrase id="fldcaption" value="Alamat" />
      </field>
      <field id="no_ktp">
        <phrase id="fldcaption" value="No Ktp" />
      </field>
      <field id="npwp">
        <phrase id="fldcaption" value="NPWP" />
      </field>
      <field id="telp">
        <phrase id="fldcaption" value="Telp" />
      </field>
      <field id="kode">
        <phrase id="fldcaption" value="Kode" />
      </field>
      <field id="area_listing">
        <phrase id="fldcaption" value="Area Listing" />
      </field>
      <field id="alamat_lengkap">
        <phrase id="fldcaption" value="Alamat Lengkap" />
      </field>
      <field id="nama_yang_bisa_dihubungi">
        <phrase id="fldcaption" value="Nama yang bisa dihubungi" />
      </field>
      <field id="no_telp">
        <phrase id="fldcaption" value="No Telp" />
      </field>
      <field id="hubungan">
        <phrase id="fldcaption" value="Hubungan" />
      </field>
    </table>
    <table id="data_pemilik_listing">
      <phrase id="tblcaption" value="data pemilik listing" />
      <field id="id">
        <phrase id="fldcaption" value="Id" />
      </field>
      <field id="kode">
        <phrase id="fldcaption" value="Kode" />
      </field>
      <field id="marketing">
        <phrase id="fldcaption" value="Marketing" />
      </field>
    </table>
    <table id="data_pemilik_properti">
      <phrase id="tblcaption" value="data pemilik properti" />
      <field id="id">
        <phrase id="fldcaption" value="Id" />
      </field>
      <field id="pemilik">
        <phrase id="fldcaption" value="Pemilik" />
      </field>
      <field id="alamat_pemilik">
        <phrase id="fldcaption" value="Alamat Pemilik" />
      </field>
      <field id="telp">
        <phrase id="fldcaption" value="Telp" />
      </field>
      <field id="_email">
        <phrase id="fldcaption" value="Email" />
      </field>
    </table>
    <table id="_menu">
      <phrase id="tblcaption" value="menu" />
      <field id="id">
        <phrase id="fldcaption" value="id" />
      </field>
      <field id="name">
        <phrase id="fldcaption" value="name" />
      </field>
      <field id="link">
        <phrase id="fldcaption" value="link" />
      </field>
      <field id="icon">
        <phrase id="fldcaption" value="icon" />
      </field>
      <field id="is_active">
        <phrase id="fldcaption" value="is active" />
      </field>
      <field id="is_parent">
        <phrase id="fldcaption" value="is parent" />
      </field>
    </table>
    <table id="property">
      <phrase id="tblcaption" value="property" />
      <field id="id">
        <phrase id="fldcaption" value="Id" />
      </field>
      <field id="alamat_property">
        <phrase id="fldcaption" value="Alamat Property" />
      </field>
      <field id="alamat">
        <phrase id="fldcaption" value="Alamat" />
      </field>
      <field id="luas_tanah2fbangunan">
        <phrase id="fldcaption" value="Luas Tanah/ Bangunan" />
      </field>
      <field id="lantai">
        <phrase id="fldcaption" value="Lantai" />
        <phrase id="fldtagvalue1" value="1" />
        <phrase id="fldtagcaption1" value="1" />
        <phrase id="fldtagvalue2" value="2" />
        <phrase id="fldtagcaption2" value="2" />
        <phrase id="fldtagvalue3" value="3" />
        <phrase id="fldtagcaption3" value="3" />
        <phrase id="fldtagvalue4" value="Lain lain" />
        <phrase id="fldtagcaption4" value="Lain lain" />
        <phrase id="fldtagvalue5" value="" />
        <phrase id="fldtagcaption5" value="" />
      </field>
      <field id="kamar_tidur">
        <phrase id="fldcaption" value="Kamar Tidur" />
        <phrase id="fldtagvalue1" value="1" />
        <phrase id="fldtagcaption1" value="1" />
        <phrase id="fldtagvalue2" value="2" />
        <phrase id="fldtagcaption2" value="2" />
        <phrase id="fldtagvalue3" value="3" />
        <phrase id="fldtagcaption3" value="3" />
        <phrase id="fldtagvalue4" value="4" />
        <phrase id="fldtagcaption4" value="4" />
        <phrase id="fldtagvalue5" value="5" />
        <phrase id="fldtagcaption5" value="5" />
      </field>
      <field id="kamar_mandi_pembantu">
        <phrase id="fldcaption" value="Kamar Mandi Pembantu" />
        <phrase id="fldtagvalue1" value="1" />
        <phrase id="fldtagcaption1" value="1" />
        <phrase id="fldtagvalue2" value="2" />
        <phrase id="fldtagcaption2" value="2" />
        <phrase id="fldtagvalue3" value="3" />
        <phrase id="fldtagcaption3" value="3" />
        <phrase id="fldtagvalue4" value="4" />
        <phrase id="fldtagcaption4" value="4" />
        <phrase id="fldtagvalue5" value="Lain lain" />
        <phrase id="fldtagcaption5" value="Lain lain" />
      </field>
      <field id="listrik">
        <phrase id="fldcaption" value="Listrik" />
        <phrase id="fldtagvalue1" value="900 W" />
        <phrase id="fldtagcaption1" value="900 W" />
        <phrase id="fldtagvalue2" value="1300 W" />
        <phrase id="fldtagcaption2" value="1300 W" />
        <phrase id="fldtagvalue3" value="1500 W" />
        <phrase id="fldtagcaption3" value="1500 W" />
        <phrase id="fldtagvalue4" value="Lain lain" />
        <phrase id="fldtagcaption4" value="Lain lain" />
      </field>
      <field id="air">
        <phrase id="fldcaption" value="Air" />
        <phrase id="fldtagvalue1" value="PDAM" />
        <phrase id="fldtagcaption1" value="PDAM" />
        <phrase id="fldtagvalue2" value="JetPump" />
        <phrase id="fldtagcaption2" value="JetPump" />
      </field>
      <field id="furtinure">
        <phrase id="fldcaption" value="Furtinure" />
        <phrase id="fldtagvalue1" value="Ada" />
        <phrase id="fldtagcaption1" value="Ada" />
        <phrase id="fldtagvalue2" value="Tidak Ada" />
        <phrase id="fldtagcaption2" value="Tidak Ada" />
      </field>
      <field id="hadap">
        <phrase id="fldcaption" value="Hadap" />
        <phrase id="fldtagvalue1" value="Barat" />
        <phrase id="fldtagcaption1" value="Barat" />
        <phrase id="fldtagvalue2" value="Timur" />
        <phrase id="fldtagcaption2" value="Timur" />
        <phrase id="fldtagvalue3" value="Utara" />
        <phrase id="fldtagcaption3" value="Utara" />
        <phrase id="fldtagvalue4" value="Selatan" />
        <phrase id="fldtagcaption4" value="Selatan" />
      </field>
      <field id="sertifikat">
        <phrase id="fldcaption" value="Sertifikat" />
        <phrase id="fldtagvalue1" value="SHM" />
        <phrase id="fldtagcaption1" value="SHM" />
        <phrase id="fldtagvalue2" value="SHGB" />
        <phrase id="fldtagcaption2" value="SHGB" />
        <phrase id="fldtagvalue3" value="Strata Title" />
        <phrase id="fldtagcaption3" value="Strata Title" />
        <phrase id="fldtagvalue4" value="Lain lain" />
        <phrase id="fldtagcaption4" value="Lain lain" />
      </field>
      <field id="keterangan">
        <phrase id="fldcaption" value="Keterangan" />
      </field>
      <field id="foto">
        <phrase id="fldcaption" value="Foto" />
      </field>
    </table>
    <table id="costumer">
      <phrase id="tblcaption" value="Costumer" />
      <field id="no">
        <phrase id="fldcaption" value="No" />
      </field>
      <field id="nama">
        <phrase id="fldcaption" value="Nama" />
      </field>
      <field id="alamat">
        <phrase id="fldcaption" value="Alamat" />
      </field>
      <field id="telp">
        <phrase id="fldcaption" value="Telp" />
      </field>
      <field id="_email">
        <phrase id="fldcaption" value="Email" />
      </field>
      <field id="lokasi">
        <phrase id="fldcaption" value="Lokasi" />
      </field>
      <field id="harga">
        <phrase id="fldcaption" value="Harga" />
      </field>
      <field id="permintaan_khusus">
        <phrase id="fldcaption" value="Permintaan Khusus" />
      </field>
      <field id="tanggal">
        <phrase id="fldcaption" value="Tanggal" />
      </field>
    </table>
    <table id="pemilik_property">
      <phrase id="tblcaption" value="Pemilik Property" />
      <field id="id">
        <phrase id="fldcaption" value="Id" />
      </field>
      <field id="pemilik">
        <phrase id="fldcaption" value="Pemilik" />
      </field>
      <field id="alamat_pemilik">
        <phrase id="fldcaption" value="Alamat Pemilik" />
      </field>
      <field id="telp">
        <phrase id="fldcaption" value="Telp" />
      </field>
      <field id="_email">
        <phrase id="fldcaption" value="Email" />
      </field>
    </table>
    <table id="laporan_property">
      <phrase id="tblcaption" value="Laporan Property" />
      <field id="id">
        <phrase id="fldcaption" value="Id" />
      </field>
      <field id="alamat_property">
        <phrase id="fldcaption" value="Alamat Property" />
      </field>
      <field id="alamat">
        <phrase id="fldcaption" value="Alamat" />
      </field>
      <field id="luas_tanah2fbangunan">
        <phrase id="fldcaption" value="Luas Tanah/ Bangunan" />
      </field>
      <field id="lantai">
        <phrase id="fldcaption" value="Lantai" />
        <phrase id="fldtagvalue1" value="1" />
        <phrase id="fldtagcaption1" value="1" />
        <phrase id="fldtagvalue2" value="2" />
        <phrase id="fldtagcaption2" value="2" />
        <phrase id="fldtagvalue3" value="3" />
        <phrase id="fldtagcaption3" value="3" />
        <phrase id="fldtagvalue4" value="Lain lain" />
        <phrase id="fldtagcaption4" value="Lain lain" />
        <phrase id="fldtagvalue5" value="" />
        <phrase id="fldtagcaption5" value="" />
      </field>
      <field id="kamar_tidur">
        <phrase id="fldcaption" value="Kamar Tidur" />
        <phrase id="fldtagvalue1" value="1" />
        <phrase id="fldtagcaption1" value="1" />
        <phrase id="fldtagvalue2" value="2" />
        <phrase id="fldtagcaption2" value="2" />
        <phrase id="fldtagvalue3" value="3" />
        <phrase id="fldtagcaption3" value="3" />
        <phrase id="fldtagvalue4" value="4" />
        <phrase id="fldtagcaption4" value="4" />
        <phrase id="fldtagvalue5" value="5" />
        <phrase id="fldtagcaption5" value="5" />
      </field>
      <field id="kamar_mandi_pembantu">
        <phrase id="fldcaption" value="Kamar Mandi Pembantu" />
        <phrase id="fldtagvalue1" value="1" />
        <phrase id="fldtagcaption1" value="1" />
        <phrase id="fldtagvalue2" value="2" />
        <phrase id="fldtagcaption2" value="2" />
        <phrase id="fldtagvalue3" value="3" />
        <phrase id="fldtagcaption3" value="3" />
        <phrase id="fldtagvalue4" value="4" />
        <phrase id="fldtagcaption4" value="4" />
        <phrase id="fldtagvalue5" value="Lain lain" />
        <phrase id="fldtagcaption5" value="Lain lain" />
      </field>
      <field id="listrik">
        <phrase id="fldcaption" value="Listrik" />
        <phrase id="fldtagvalue1" value="900 W" />
        <phrase id="fldtagcaption1" value="900 W" />
        <phrase id="fldtagvalue2" value="1300 W" />
        <phrase id="fldtagcaption2" value="1300 W" />
        <phrase id="fldtagvalue3" value="1500 W" />
        <phrase id="fldtagcaption3" value="1500 W" />
        <phrase id="fldtagvalue4" value="Lain lain" />
        <phrase id="fldtagcaption4" value="Lain lain" />
      </field>
      <field id="air">
        <phrase id="fldcaption" value="Air" />
        <phrase id="fldtagvalue1" value="PDAM" />
        <phrase id="fldtagcaption1" value="PDAM" />
        <phrase id="fldtagvalue2" value="JetPump" />
        <phrase id="fldtagcaption2" value="JetPump" />
      </field>
      <field id="furtinure">
        <phrase id="fldcaption" value="Furtinure" />
        <phrase id="fldtagvalue1" value="Ada" />
        <phrase id="fldtagcaption1" value="Ada" />
        <phrase id="fldtagvalue2" value="Tidak Ada" />
        <phrase id="fldtagcaption2" value="Tidak Ada" />
      </field>
      <field id="hadap">
        <phrase id="fldcaption" value="Hadap" />
        <phrase id="fldtagvalue1" value="Barat" />
        <phrase id="fldtagcaption1" value="Barat" />
        <phrase id="fldtagvalue2" value="Timur" />
        <phrase id="fldtagcaption2" value="Timur" />
        <phrase id="fldtagvalue3" value="Utara" />
        <phrase id="fldtagcaption3" value="Utara" />
        <phrase id="fldtagvalue4" value="Selatan" />
        <phrase id="fldtagcaption4" value="Selatan" />
      </field>
      <field id="sertifikat">
        <phrase id="fldcaption" value="Sertifikat" />
        <phrase id="fldtagvalue1" value="SHM" />
        <phrase id="fldtagcaption1" value="SHM" />
        <phrase id="fldtagvalue2" value="SHGB" />
        <phrase id="fldtagcaption2" value="SHGB" />
        <phrase id="fldtagvalue3" value="Strata Title" />
        <phrase id="fldtagcaption3" value="Strata Title" />
        <phrase id="fldtagvalue4" value="Lain lain" />
        <phrase id="fldtagcaption4" value="Lain lain" />
      </field>
      <field id="keterangan">
        <phrase id="fldcaption" value="Keterangan" />
      </field>
      <field id="foto">
        <phrase id="fldcaption" value="Foto" />
      </field>
    </table>
    <table id="laporan_harian">
      <phrase id="tblcaption" value="Laporan Harian" />
      <field id="id">
        <phrase id="fldcaption" value="Id" />
      </field>
      <field id="no">
        <phrase id="fldcaption" value="No" />
      </field>
      <field id="tanggal">
        <phrase id="fldcaption" value="Tanggal" />
      </field>
      <field id="aktifitas_hari_ini">
        <phrase id="fldcaption" value="Aktifitas Hari Ini" />
      </field>
      <field id="jam_mulai">
        <phrase id="fldcaption" value="Jam Mulai" />
      </field>
      <field id="jam_akhir">
        <phrase id="fldcaption" value="Jam Akhir" />
      </field>
      <field id="listing_hari_ini">
        <phrase id="fldcaption" value="Listing Hari Ini" />
      </field>
      <field id="jenis_property">
        <phrase id="fldcaption" value="Jenis Property" />
      </field>
      <field id="data_pemilik_property">
        <phrase id="fldcaption" value="Data Pemilik Property" />
      </field>
    </table>
    <table id="laporan_data_marketing">
      <phrase id="tblcaption" value="Laporan Data Marketing" />
      <field id="no">
        <phrase id="fldcaption" value="No" />
      </field>
      <field id="nama">
        <phrase id="fldcaption" value="Nama" />
      </field>
      <field id="alamat">
        <phrase id="fldcaption" value="Alamat" />
      </field>
      <field id="no_ktp">
        <phrase id="fldcaption" value="No Ktp" />
      </field>
      <field id="npwp">
        <phrase id="fldcaption" value="NPWP" />
      </field>
      <field id="telp">
        <phrase id="fldcaption" value="Telp" />
      </field>
      <field id="kode">
        <phrase id="fldcaption" value="Kode" />
      </field>
      <field id="area_listing">
        <phrase id="fldcaption" value="Area Listing" />
      </field>
      <field id="alamat_lengkap">
        <phrase id="fldcaption" value="Alamat Lengkap" />
      </field>
      <field id="nama_yang_bisa_dihubungi">
        <phrase id="fldcaption" value="Nama yang bisa dihubungi" />
      </field>
      <field id="no_telp">
        <phrase id="fldcaption" value="No Telp" />
      </field>
      <field id="hubungan">
        <phrase id="fldcaption" value="Hubungan" />
      </field>
    </table>
  </project>
</ew-language>